date,temperature,humidity,rainfall,eggs
2019-01-01,18.59605698361348,47.116853385585756,0.7951550168017492,29.305595130903292
2019-01-02,18.006216400152926,45.07892821854458,0.455281116903181,28.73663271058955
2019-01-03,19.12144236194829,46.597362092145545,0.1889605209677601,33.37300320307363
2019-01-04,20.34383249992217,50.60266322297633,1.0233750168935452,37.684321619427884
2019-01-05,18.407040218355196,47.600705983360086,1.216585398935406,26.770738302166453
2019-01-06,18.57868363903545,47.4306636266649,0.5652551658054289,24.17102420421202
2019-01-07,20.926072353083217,43.47949660824289,0.9462180698137899,35.667501316774946
2019-01-08,20.123002123977017,50.06922329577914,2.4150040517143245,19.55321709236944
2019-01-09,18.809418458010708,50.04191880420796,1.5960261143674854,26.07488991634336
2019-01-10,20.194160258945967,54.87375870084037,0.07541058958188818,24.43791715177851
2019-01-11,19.15683021043982,47.742630169318645,0.4668071964542559,20.10588178081017
2019-01-12,19.323391394148135,49.608744719639425,0.7847378493702648,21.985846917006523
2019-01-13,20.34139972456543,49.988047620366274,0.9297187573124465,21.268100840349856
2019-01-14,17.923278836452297,54.26404769197942,1.0037084741032092,30.764086554333122
2019-01-15,18.31682626104386,49.54069452579706,1.231357110411909,22.66958048585551
2019-01-16,19.878787916072703,50.96155357411147,0.8312624443669118,18.816243046116284
2019-01-17,19.50418423093975,52.24901272683385,0.9195721891372859,18.704901213870702
2019-01-18,21.26192112792042,51.28882195141206,1.770246884331468,18.576582177605005
2019-01-19,19.95958335593744,49.6961123215402,1.1451215187113644,24.278495649315147
2019-01-20,19.517932175321295,51.9267581276863,0.32669679156239084,15.436986593849376
2019-01-21,23.134007518646996,54.877023197332974,1.0251972145931485,28.902152472649426
2019-01-22,21.265829661179872,48.89069431764736,0.8622205868292072,27.396144046425952
2019-01-23,21.778279274532238,52.68564089756848,0.13113349078769898,23.027525796499184
2019-01-24,20.146936238979922,50.50514669736902,1.1024210672497983,13.332543060885438
2019-01-25,21.361620622629513,56.5116174432471,0.3918721386472245,23.832156558946743
2019-01-26,22.30504313377501,48.67998129376641,1.955793987931562,22.756928487745856
2019-01-27,20.94656363259755,51.897841224337945,1.3870367717660166,19.146666980386303
2019-01-28,22.933131039418914,55.03321113206778,0.33988470809631327,23.835715567326496
2019-01-29,21.914736281125943,58.92692343009084,1.9704237486750384,30.315264444911488
2019-01-30,22.437305901405953,54.363586066098925,2.6491619123830072,25.870479636188737
2019-01-31,22.215707566924497,53.227335517596664,0.8748066409829292,21.510996639691488
2019-02-01,25.30944325993177,60.87001588820277,0.9747660930381314,24.130594921001332
2019-02-02,23.21795940396998,51.21752803866796,1.9437543437283877,24.405861482312282
2019-02-03,22.110798600635917,49.30149213276737,2.6628280831151114,22.28306735181448
2019-02-04,24.511407026200022,57.55550915329511,0.21025347611248066,28.285390495081074
2019-02-05,22.20200518294595,55.067974443312615,0.42527560031216616,23.966760067552627
2019-02-06,24.058639048543714,53.85012513532224,0.8317818583499058,28.399373321134554
2019-02-07,21.595662720951903,59.37949389963276,0.92161889274783,31.34461908406655
2019-02-08,22.490945442473144,58.32724124332654,2.0795305446347765,28.049844561231918
2019-02-09,24.456700967451624,56.24573015884112,2.918769267066914,28.217669601735803
2019-02-10,25.240482904896265,54.43979082923838,3.111995991005947,28.203639497391855
2019-02-11,24.69193754777778,61.241323448794034,0.22676950551193897,26.44908662367984
2019-02-12,24.47756824355689,60.91821018941091,0.632886649671637,31.964442678511194
2019-02-13,24.38311175362231,59.01404017620694,0.7863220607629694,26.66686193785074
2019-02-14,23.096301283795757,65.1956438650263,0.6501743450389107,28.525743301607246
2019-02-15,24.130770220442823,56.789745701021545,1.8222389529299712,27.951570738298155
2019-02-16,24.563799697666,55.76769161034248,2.0129135206739224,27.669139609398204
2019-02-17,26.50498705442182,58.612708022811184,1.3827834410206097,28.068898648502927
2019-02-18,25.76651217712201,60.895635295398584,1.3038035866390398,29.18106848179842
2019-02-19,23.354072690530273,62.106066884014474,1.0498821286403828,26.95682964695418
2019-02-20,25.971958848059376,60.995587801179944,1.1709620698373164,30.78372379680781
2019-02-21,25.232049532339797,63.11820013849159,4.126041024983378,27.65842699428553
2019-02-22,24.990652110340605,58.64954262541572,2.441042435133981,33.13758175675418
2019-02-23,26.643468114176816,67.07686925448508,1.151313478818767,31.370397652898113
2019-02-24,27.250810308741904,62.839722878107914,1.408161281128543,37.900388654001695
2019-02-25,27.23292673301305,66.77775037839393,2.159706475009591,26.88624190172613
2019-02-26,25.207704505156975,64.792710235998,0.5227177424074939,31.232912774174977
2019-02-27,25.94065141263662,65.47234965483374,1.7874826963108505,32.34617717345065
2019-02-28,26.80370017402906,66.14773210077992,2.571876267185056,32.00415009514297
2019-03-01,27.66882506782211,66.11658100017094,2.379659092184233,35.53349773127057
2019-03-02,26.012630497343682,67.03523418192637,0.8477279916698982,36.00316090507457
2019-03-03,26.451772775299386,69.4266207410794,1.007759262254157,26.43596314212919
2019-03-04,25.431315082635198,66.35921216671659,0.2019213835680225,33.487068118087635
2019-03-05,25.40522715053683,68.22543576589132,2.9772192510013316,23.4123752345576
2019-03-06,27.894844451468522,66.1561861509856,6.439852027237604,30.57704866448303
2019-03-07,28.62379673080742,71.07080963823068,0.8004185825829144,42.89809262627455
2019-03-08,26.983725982129958,65.04434553734963,3.878100665383251,31.961256990778885
2019-03-09,28.345519359323767,72.79731215654591,6.339153820087603,31.447712520990038
2019-03-10,27.643676107223506,67.59279427293912,1.283127626978183,32.55084608541236
2019-03-11,26.501273130265815,63.73743447776532,1.7579971350028698,37.00352099224988
2019-03-12,27.772047014839348,68.72818529697871,2.343755074975916,29.334174430692702
2019-03-13,29.244204459178118,66.61235687858398,2.76565872603149,36.09349733830001
2019-03-14,27.412972627339485,71.48651748177438,2.5058753063866517,39.132130880578444
2019-03-15,29.388137549928345,67.31313348014984,1.4664894504180965,43.19564316875629
2019-03-16,24.418654141011363,68.23612650267142,3.1987860386208484,34.90934282382045
2019-03-17,28.597580843973276,64.20688881036295,1.5353842959977497,29.182443632340444
2019-03-18,27.76185585843435,68.81649991929486,2.7779990653537223,39.84531541960681
2019-03-19,27.34183039795603,63.19667416742414,2.082211289035072,38.51150486191878
2019-03-20,27.851117483566806,66.00839496030882,0.34401231535855603,39.4732575080037
2019-03-21,25.3934007175355,73.32995023178528,5.09527754558657,31.612037522049455
2019-03-22,27.54945843731108,73.69143560177486,1.3418327813698552,36.64661031247345
2019-03-23,28.27327325333502,72.89237815443092,5.57821312036658,39.687651532674124
2019-03-24,29.646967277629685,68.99360530982763,4.681725548245747,36.559931771483654
2019-03-25,27.277400688945153,72.02640333387659,2.7206708879349875,40.33784330553318
2019-03-26,26.952029770707497,72.43012735154564,3.4000724534831526,38.209156350559006
2019-03-27,27.340070616638076,69.23355195022592,3.741692796400125,30.37900016686556
2019-03-28,29.05767250271428,77.48278612600107,2.0389759603660593,45.70973816489026
2019-03-29,28.367751062673175,75.86477923657257,2.1420129398559844,37.480574214633506
2019-03-30,27.348641967035192,72.82597985516992,3.7465765988440234,41.7275683492583
2019-03-31,28.60842103213286,73.82171286145693,2.435670196378195,43.567656832999
2019-04-01,28.114178079016558,74.6143149648756,1.8205868429363732,34.656299442488994
2019-04-02,29.162281386001368,68.10792784036262,1.2968448269517667,36.964118706346376
2019-04-03,27.156702873894556,73.73134861835646,3.451427236414214,34.82433413652019
2019-04-04,27.602268230956252,72.66238771528631,1.5228232368381682,33.06919751493592
2019-04-05,27.518267372091746,71.93458172424636,4.779073885657774,36.368029662454354
2019-04-06,26.22295367089538,74.32281529091338,5.114422709168616,46.528723989923165
2019-04-07,28.32193335001919,80.78135611822732,3.8806032605520824,35.37285878765411
2019-04-08,28.264319437622845,77.52844560521653,4.518683974790403,38.04407808991856
2019-04-09,27.938704640645096,74.10537616578715,3.97172540588526,38.71140918382302
2019-04-10,27.62963607988437,77.74497010756201,4.844236322561138,40.14773469175751
2019-04-11,26.18833101186291,80.42884748990522,4.750511053339238,36.33386138828865
2019-04-12,27.354707112319876,79.2034321147866,3.6512995336514216,36.33352049495999
2019-04-13,27.4180080999677,76.80230363707669,5.908400182446171,41.524384197475825
2019-04-14,26.833404193388954,74.87155777957285,2.522421018063895,35.611843809859025
2019-04-15,27.56656265232447,79.09101177139134,1.5267346395827013,33.36995622141451
2019-04-16,28.20604299446806,78.35573532178131,1.472200172896195,43.00799141511783
2019-04-17,29.942800911693276,80.03470675467513,2.303307380168486,46.27047924743684
2019-04-18,27.844198861039697,79.42334950793077,0.3979024574662815,40.446500761872436
2019-04-19,27.896238638740282,80.83000834482529,3.533080555912669,42.40683139073786
2019-04-20,27.447474867385058,76.23392129450927,4.864314592736301,45.43732411011023
2019-04-21,25.181090341762864,81.94479958994785,5.868535872205065,38.99987199331765
2019-04-22,27.395794783365147,78.73307507012991,0.6182924026880862,41.333882572513716
2019-04-23,27.441089714883546,84.50834238158247,1.613908746021653,39.120943282897755
2019-04-24,30.263129845362137,76.35186230006398,5.625367014450259,45.03153221771906
2019-04-25,27.012074064193587,83.75872508107967,2.7167550524346766,39.90805279720002
2019-04-26,27.537693071394273,79.27047692684644,5.040174273848975,40.76400558649922
2019-04-27,27.06439217729587,76.84286714799457,1.012988577328215,37.81711386302935
2019-04-28,25.631144378103407,77.46027024637989,8.012424725733545,40.39899903512471
2019-04-29,28.329780284767114,78.06008840132012,0.9497094211577298,34.05848994189527
2019-04-30,27.78289286551906,80.39719437104387,3.7901866534496356,35.766462399300124
2019-05-01,27.749360376187013,80.79110214155251,3.892353423403225,39.435506799573325
2019-05-02,25.62579824133953,77.59369874128136,2.2278705043083717,32.263864441429334
2019-05-03,28.314774453622434,79.3282146602472,4.776033537394687,48.48060335003467
2019-05-04,24.86100042214753,85.90882017928399,4.907715397475396,42.485742052705604
2019-05-05,27.156719086090956,84.73959634041528,4.5694131105845335,52.640660453913355
2019-05-06,28.987801545158344,80.93510041445428,2.2571751935589712,34.02780022245108
2019-05-07,25.07489839708227,79.80348676954645,1.9165259815818059,37.5942392339801
2019-05-08,25.485823238935833,80.1070828280345,2.497240542912279,36.41859885367979
2019-05-09,26.184381101314617,81.63920381993832,1.7171999781423108,35.98731788078033
2019-05-10,25.35765785288672,76.77606649276342,7.582563887617123,36.88710002785328
2019-05-11,23.995702433507788,79.11222852560901,2.7294739931659704,40.6737195279384
2019-05-12,25.83111598343764,74.91262770131081,4.029007567874042,39.86991869780429
2019-05-13,24.364121671434106,81.14416882997894,6.430663993132265,38.640969314120724
2019-05-14,26.094979192082302,81.9102962422195,1.6941945574611403,40.26042027059066
2019-05-15,24.308911027405397,78.53544083789555,1.0126160586835324,43.50160587227033
2019-05-16,27.155496826885923,84.71733032946791,1.796873815517672,34.58346617384305
2019-05-17,24.236865185956137,76.32251780571679,4.487740243395573,44.75387483113256
2019-05-18,24.66936228162497,75.60520853246528,4.290055676425125,40.257530828576364
2019-05-19,25.90903292971338,80.66428106942706,4.969965636808944,37.374128827955076
2019-05-20,23.330696915049415,83.11888921953714,3.453434275228105,42.763527017274576
2019-05-21,24.953590563660292,85.01012629168144,0.191114241231507,38.149035918175464
2019-05-22,26.120134877229766,78.55652524647658,3.402428918791413,35.19033547442911
2019-05-23,22.491567250892164,83.13814872230785,7.409744015557377,32.110398377341376
2019-05-24,24.50918877619711,79.74961157684616,8.76523260464657,38.963410691290264
2019-05-25,24.464705352731386,79.30439938004663,4.105083156257243,44.01125488823907
2019-05-26,24.954428078381998,82.42453161710684,4.471899699334419,40.58332401856257
2019-05-27,22.393511669871035,81.67593163451687,6.023566677584815,40.73046807443091
2019-05-28,22.153174743342113,74.92935456864689,8.751318356451332,28.017167571850138
2019-05-29,24.222222502842044,84.02189488208748,3.902626240212826,34.91454329035736
2019-05-30,23.80878599328633,83.66048507508972,6.037945873333196,44.13802264821805
2019-05-31,23.607891902034385,77.56567582805265,2.4818202976309407,37.688641125607965
2019-06-01,23.5763617615549,80.54616626079351,1.2672067960223972,37.04790623025275
2019-06-02,22.19638846856357,80.7515015301312,2.725937149054701,38.09133257859325
2019-06-03,23.141431507680107,79.95637763721764,10.32998189182508,39.32744687779273
2019-06-04,23.063282044697058,77.42270447107266,6.23324145787918,38.13101218757608
2019-06-05,21.701845233452946,76.95236149642926,1.4070950041605768,36.1884649464453
2019-06-06,24.64411725687866,78.77856065483407,6.4766690681031776,44.307426964740884
2019-06-07,22.81860290478969,82.25581398368672,1.522194466001996,41.62831698597155
2019-06-08,20.663995391513037,80.24527908454289,5.329447092405079,30.250904622744315
2019-06-09,22.72376709692526,77.37397144760355,1.8262347420874692,34.675223071784764
2019-06-10,20.607461647766865,80.66676865313292,1.3494067590114853,46.18141220897765
2019-06-11,22.561638831788617,69.6664647399941,11.745395738742559,41.49390037611279
2019-06-12,22.846437821516222,81.51341314761001,3.1240064046479077,31.220557094925002
2019-06-13,20.30926604022325,72.69764447836388,6.306452502569845,37.56291556203715
2019-06-14,22.287121764451456,76.67382362838046,4.224854541112598,26.756235949931227
2019-06-15,21.462465305058707,74.24123439559229,1.670526328530202,34.139973729683774
2019-06-16,21.788778943985548,73.55008194702371,3.4239808016225735,37.46852234684502
2019-06-17,22.912806506464808,80.74532292313378,1.6903607206537128,36.12261914851041
2019-06-18,20.17575606560591,75.68333979106086,17.626624596790055,39.65343869292405
2019-06-19,19.398573305077136,77.94449279225341,7.182401648107389,34.331299949074065
2019-06-20,19.067791838847334,76.57774785173518,4.207895225338871,32.906728503066375
2019-06-21,18.987756555977242,77.95820645614755,6.155215965688676,31.20488261379168
2019-06-22,19.7051438059587,76.56122670209908,6.8932248114683485,34.458833374495214
2019-06-23,20.037452499165145,72.28062225385318,6.913043545601081,28.988614699132658
2019-06-24,19.790020928394775,78.91245773399373,6.716490017477366,30.29679606256044
2019-06-25,20.28010167336904,74.23172735209035,6.368711075674056,52.63735625562403
2019-06-26,19.13219234147044,70.82793513136156,4.496775278875554,35.851584116103545
2019-06-27,20.68960839076077,73.99342677291312,11.420005192040833,36.121147137715646
2019-06-28,18.456276592449083,79.5556159225431,4.7184177752019005,35.92392503274018
2019-06-29,21.866335773565474,77.3751054433124,4.331773532071312,38.0220017250926
2019-06-30,19.181023147363316,73.54519467850616,4.751097498324461,34.96848803526709
2019-07-01,17.22959533457179,73.30576516056395,5.004639281147475,35.42420382606839
2019-07-02,16.800998971213552,73.1467670484914,0.841216699443877,41.76104876537417
2019-07-03,18.492896929404942,80.09586848842207,2.0235555215276273,36.837592363240425
2019-07-04,17.473660255337652,74.76127454623499,3.8404972758277323,37.26125079425453
2019-07-05,18.426578262865206,74.65140222584388,0.7944826781242111,35.23010341482937
2019-07-06,17.965752375830327,76.19397750627724,4.228782634800932,33.45972172674183
2019-07-07,17.13874051247712,73.55746174181083,4.946779525871114,32.14891304790993
2019-07-08,16.03848004014592,71.79812985445457,1.2758706569816312,35.84949176342168
2019-07-09,15.065593259160018,71.71664245201163,2.468354356926636,31.73153373808039
2019-07-10,16.176700282993767,71.81767748625626,9.778500597803335,33.41318958742279
2019-07-11,17.569686583989423,71.64403833631994,6.203166481912074,35.50828545564014
2019-07-12,16.62884236357108,73.65833398899743,5.949483786700309,31.867743812642427
2019-07-13,14.707447608289991,71.34762290562543,8.962381098736785,34.46164807907225
2019-07-14,16.241088213085657,73.10272900245975,2.03954575577437,35.56790019651139
2019-07-15,16.327171701276644,70.37245122291293,1.2688146490298557,27.78584147843941
2019-07-16,14.636314374252521,70.55715339126533,8.12905546050129,29.341485405093465
2019-07-17,15.71424832232528,64.0302342153192,3.8689410981032477,35.31627500369932
2019-07-18,15.433195534855127,72.47443716628125,1.9774951583507758,34.65101474982571
2019-07-19,13.826128890611091,70.46265558117126,0.8183139826656329,25.71058871414293
2019-07-20,15.462216639683039,72.11216419974814,4.692830885137549,37.71853070158855
2019-07-21,15.541871022283614,60.12160955242883,3.5008888322217513,34.477734879639975
2019-07-22,16.00557666956503,74.76513091373327,3.037537205713648,28.25687704616488
2019-07-23,15.808439335734551,67.7683502918469,0.3196330248774296,31.943436322595247
2019-07-24,12.729659451153816,71.19635398334188,10.990695910519282,36.82809922111168
2019-07-25,13.097530300062207,64.4344415227027,1.018764157737328,30.769112619873468
2019-07-26,14.682139554085728,69.07259632978305,3.2436546490172833,33.60615725160341
2019-07-27,14.52298355293844,63.7519995638937,2.8159218010961733,29.95297185730731
2019-07-28,14.368053823871717,64.7168627624032,6.104118116134393,30.983726988910135
2019-07-29,18.218089945280713,72.0042348803169,0.8065291257555229,31.86760892240966
2019-07-30,14.12600167774721,65.36220918317977,5.5629510577575845,29.347326142822755
2019-07-31,14.65108369147808,66.25691212352349,4.562613394905759,38.106126569151414
2019-08-01,14.282075045104941,67.8835130466264,2.2445180088515277,30.556811195757057
2019-08-02,13.769251367109202,66.42748927353652,5.365878772885714,30.955470495861242
2019-08-03,12.46105299627306,65.05737012004298,3.967009312885602,26.43818125186079
2019-08-04,13.603462582972588,65.3653013161946,12.263193899270114,34.66430455897884
2019-08-05,11.620205357148407,71.14370455158635,3.3317100788109464,28.697444086986508
2019-08-06,12.119925047810227,63.42247532341049,1.6487629665590606,29.443800657977977
2019-08-07,11.679841063561831,63.85943739891525,5.429348424418573,35.07819179440641
2019-08-08,12.220396444338853,66.06794712642034,2.9719465423980633,27.000979874140093
2019-08-09,14.761349647758983,65.89154134792558,3.807325914218037,35.118068580706385
2019-08-10,9.606435769256624,65.79427105911505,1.1772133542244712,29.74698890044162
2019-08-11,12.535884082491073,63.80692566243153,5.830063879871654,35.48278469260369
2019-08-12,9.644193822206782,58.118714846477815,2.5466669894893394,24.737481432417322
2019-08-13,10.88211818896183,66.10456014421915,4.5586835415783575,30.189109498254876
2019-08-14,12.626102074225507,57.42140848103455,13.628365517387966,33.538048516121684
2019-08-15,11.269401928144394,61.42427520025976,3.033041250724131,29.258029308393603
2019-08-16,9.773893997615062,57.909312387715694,6.228227717627517,26.46730846660124
2019-08-17,10.085799447816264,59.635445022447264,3.1659661733323268,33.78590086330424
2019-08-18,11.638748161961995,60.46991842636779,2.0958008471466174,36.54027529229083
2019-08-19,9.82798450107456,60.10362698626021,8.716895769886326,31.14828664770208
2019-08-20,10.847530199012413,60.06149671539,0.49942626814668956,27.65537868124127
2019-08-21,10.528017932564493,63.29340422250668,7.14388707053838,41.11123702116866
2019-08-22,9.57919345496759,59.469867908197955,0.4207973712955522,29.872270937105156
2019-08-23,12.823892493519985,57.03434995169417,6.567924459802216,33.6546896151666
2019-08-24,10.90420427599447,60.31729795581346,3.5415751355101075,29.82299187141249
2019-08-25,7.608000258184719,60.652427528376435,1.489771212257431,31.19657834908681
2019-08-26,10.158945714513866,53.061036295818695,2.4770723299231667,29.34625708175458
2019-08-27,9.040475727818777,58.19686849503833,5.599993254800779,23.928516188922348
2019-08-28,10.759378014516376,58.17006043106117,11.743445176343613,38.05535833420826
2019-08-29,8.689720319694395,54.83689118112411,0.716952060026319,26.448993955960916
2019-08-30,9.409825696709088,59.52100703532262,1.5216894492299384,31.836208652665473
2019-08-31,10.06276303727828,54.60938962928372,0.9438028471471442,29.665330111886767
2019-09-01,10.40748495250503,55.10341950585448,2.8487945684148723,28.487150687534537
2019-09-02,7.842581124439851,53.87617102316407,6.23303930015355,25.87339110859161
2019-09-03,8.798476477255505,54.112480757274604,0.7970378345848937,24.06263180600226
2019-09-04,8.549492400311923,50.44903392059786,3.2040071866295357,34.56901790049562
2019-09-05,8.257612013562458,49.09167770772651,5.955636019392916,21.54807659368656
2019-09-06,11.084987065090473,57.87126893626025,2.253692921512077,26.097954819765196
2019-09-07,9.379931752210984,50.224841340449665,3.667746101178645,27.098428082474825
2019-09-08,7.3111029942040116,49.471663647551786,7.182701600429945,24.571477517748736
2019-09-09,9.858527114534796,45.66802412605952,1.1748879549755218,25.91472715063217
2019-09-10,11.239348126035367,49.89599558061907,0.48643922876476386,19.738400106587008
2019-09-11,9.870144849707062,47.53072382038643,3.867975988279923,25.241443270606158
2019-09-12,6.749144606950979,56.115669793399206,3.910896820987642,28.467972342334598
2019-09-13,7.935303312438782,53.911317397858724,2.0005850961549374,17.71694563979194
2019-09-14,9.983483412719492,48.512358810989554,1.6692762929024352,26.45887307157815
2019-09-15,7.563618471384499,57.03185327385913,3.0178912462386114,29.80880263047665
2019-09-16,8.897877828133987,52.920460192059274,1.0835047210066775,35.40263970597208
2019-09-17,9.250183033874563,48.704258029157074,1.0747799607523956,27.451044167234677
2019-09-18,7.166501467815689,41.88718189214062,4.637779560476583,22.42539006132929
2019-09-19,8.168464066402157,55.96801894695921,0.9840605805914737,28.564583427018444
2019-09-20,4.314342275462213,44.63949735150569,0.47705022630909066,24.531336086904485
2019-09-21,6.94146931059903,43.58835840104284,1.5564566282104282,26.889021674386342
2019-09-22,7.837436718689904,51.31200625017945,1.8698588802177167,22.5052377846185
2019-09-23,6.615884279318777,55.28677595451936,3.806680306388585,17.90699341218307
2019-09-24,10.047752924783417,51.847126456264995,1.6248270948780397,19.94719902215237
2019-09-25,6.351261853773098,49.11647106824039,6.792524202665277,27.977941267390587
2019-09-26,7.520893504956645,48.94316876026459,2.8065745583035464,24.405764014727083
2019-09-27,8.19029967520161,49.457119532159226,1.288448986155811,24.676146485970463
2019-09-28,9.750356338225417,48.91550848508963,3.49844812901401,18.477936701561813
2019-09-29,6.288168262734338,47.2281060823678,6.42360533841215,15.713607975742821
2019-09-30,9.40033369571238,46.44697877411608,4.00583070513036,25.584251326494993
2019-10-01,8.013113086676126,45.70054841415788,0.5695025839510099,18.332788067193334
2019-10-02,6.822282221380557,43.384567959880734,1.796264358111772,20.85584631348301
2019-10-03,8.556839149317018,44.56682368766993,2.9299674255959074,21.9215917950072
2019-10-04,8.24637152229133,40.09668934044193,3.7132883981581752,20.854368090114296
2019-10-05,7.2953855358538044,44.651644568975584,2.050230009286834,22.11179926736771
2019-10-06,8.110512770906467,41.75645442273639,1.8074489034747703,23.056551300975013
2019-10-07,7.578433722294096,41.19155122101187,7.2534110159921195,22.768634488316316
2019-10-08,8.194041745361977,44.82668535188615,3.678604549513413,18.823705900846225
2019-10-09,8.872334715245932,48.252349583381495,3.0771875942177873,21.123715983093707
2019-10-10,10.003895228500891,46.62535089158805,1.3971125722352526,21.164478654523563
2019-10-11,6.641126977467918,38.957737160212154,0.8074802281783952,22.36618981314093
2019-10-12,10.714901882066597,40.5040316158108,2.998803124438936,22.060520994639297
2019-10-13,5.844429937856904,46.10380397559192,3.7154486312364123,24.81618782675262
2019-10-14,8.039374470900732,40.14755667232381,2.1069976467261546,22.99038989360813
2019-10-15,8.964976096057285,42.23965715501239,3.3675786501017315,20.779833305029392
2019-10-16,8.63655102276697,44.38731373607543,3.382008994692434,15.63222643115714
2019-10-17,7.595361199666737,39.66084026122266,3.684606343849686,20.44906384039224
2019-10-18,8.138955460848262,42.715882438967164,0.45093559591530535,25.056043099386315
2019-10-19,7.846050612490341,38.236777062655534,1.479970374133025,15.97769754023749
2019-10-20,7.78219712871541,40.279111253448185,2.80962936659288,19.754323466278823
2019-10-21,9.563558642153803,42.89222975593393,1.999114992666664,25.10333375455938
2019-10-22,9.029858003739104,37.00892619752067,3.120530137653594,25.09918927733826
2019-10-23,7.830136197457963,42.96975169269333,2.549121873637578,21.436372310661415
2019-10-24,9.804103014727936,41.45527215935809,0.16141384522826732,19.514243912815605
2019-10-25,9.159046547885584,43.04299124249186,3.841490160979897,12.89645811873012
2019-10-26,9.834154660753416,41.934115476285356,1.2059011373947932,21.02180424219301
2019-10-27,9.685416482281974,45.237198422113124,0.8290762190705198,29.45532325574061
2019-10-28,8.00889729037108,41.408441907700286,3.595533324791024,21.318010039639805
2019-10-29,8.40796928716815,39.63816344401533,2.671750051901447,21.653636409602733
2019-10-30,10.056077226714276,41.19253616935092,3.823730302708983,22.647422866195512
2019-10-31,9.973527267077724,42.36048311582619,2.0246844035964737,20.030905189917302
2019-11-01,9.300354539947051,40.787824550495834,1.214122393846109,18.525206750799452
2019-11-02,9.553153277212507,40.67941114103042,1.801599871735154,21.64695633747737
2019-11-03,11.035026959670832,38.37381392393237,0.6298205371308687,19.62137496363417
2019-11-04,8.88393027705222,38.41902341443736,0.431909652721912,21.0139957680441
2019-11-05,10.344810593745969,36.133653145001276,0.9069006177294705,17.19089099096909
2019-11-06,9.54260328405518,45.529767230284214,4.136265736675608,27.540284361510174
2019-11-07,9.623391966053724,36.494858489179336,0.9578766869907416,19.861630053126916
2019-11-08,11.304921340637858,38.09900312674319,0.257789634469015,18.168542676970485
2019-11-09,11.081043051217861,37.97964121794412,1.2836771200263872,21.744347493427565
2019-11-10,11.173253052493006,42.78266690881937,0.9045389986494835,17.406371772350287
2019-11-11,11.872426299745813,39.181972930040516,3.01224031472732,16.95462008380338
2019-11-12,10.442146525173685,43.78488300071336,3.5966632975793558,18.275616134870535
2019-11-13,11.348622688588405,38.001933815567725,0.9731118355946483,17.10425183003948
2019-11-14,10.273509662447994,40.84605687292426,1.634230887170549,20.745343863581443
2019-11-15,11.152559240027006,37.49562566712597,1.7088351803456847,11.715737172452522
2019-11-16,10.727262111941029,46.43563258859636,1.255348844963296,17.48162761384646
2019-11-17,11.12181188747479,36.441834703313646,1.0682681983728788,10.897763804821547
2019-11-18,11.843660758287623,40.944461905887415,0.558136643360201,19.99529156828128
2019-11-19,10.273698991790376,41.932622219685015,0.1785072686647461,20.90996262354899
2019-11-20,13.894518548399763,41.29489783019138,0.53856154347285,19.76594080353887
2019-11-21,10.30648353185054,39.52575710042329,1.132089231943867,15.7755278567632
2019-11-22,10.188650655752944,39.72617976292068,0.29165205686937923,15.09377811155881
2019-11-23,13.169265563791402,40.28699022757868,1.371615024773655,20.379226891396122
2019-11-24,12.865226531604259,39.76034409336747,1.2190711219963364,16.780612210610055
2019-11-25,12.801676910854946,43.144648502505,0.7216252590374895,21.20213668322051
2019-11-26,12.946011876579123,46.942092669732205,0.9026753572343569,18.745536262892877
2019-11-27,12.31828630967252,38.70139523954431,0.32467708355440444,18.222179290658893
2019-11-28,11.398941622540798,36.33362423114963,1.9535934238215666,21.809340222344886
2019-11-29,12.71091375444948,40.25314475149782,1.9040750511157074,20.122228786017548
2019-11-30,11.953249872529964,48.337849575932815,0.3695898608841239,20.25177624740467
2019-12-01,14.083434241580258,38.274177542993705,0.37504241594565474,18.991975102786324
2019-12-02,12.88577564059766,45.69475473888619,0.4591761345605024,18.97077561722508
2019-12-03,12.222064962691103,45.9084059103912,1.520559123299211,19.715674509911313
2019-12-04,12.978834280987897,39.318104948972945,1.2966291212800605,16.433944629529044
2019-12-05,14.013224327726643,42.795021489012974,2.038929978197034,19.782988449653452
2019-12-06,12.995774611130914,46.0880687105477,2.1680797377913645,21.351359452512597
2019-12-07,12.841399499197113,40.185872200579034,0.21460361720687385,15.231285451087764
2019-12-08,14.277544761730558,40.83842524810898,1.394725380460917,15.272871941011651
2019-12-09,14.437325822894392,39.83553150382138,2.0382179609037734,13.631265466179727
2019-12-10,13.694422760647912,38.67317004421473,0.7160096881584423,13.711246125063193
2019-12-11,13.897992811494293,39.91189110874926,0.9118910177073695,14.683491715248039
2019-12-12,14.903230928888028,38.335561806668366,0.8007348114932453,19.98624909708317
2019-12-13,13.04960217327956,42.26262347558671,0.8209168324955283,18.094141290882014
2019-12-14,13.26183122418524,40.008730107956794,1.6112405737871152,18.95835959709699
2019-12-15,14.253042605690979,43.18352363248738,2.735957856645851,19.53947662798612
2019-12-16,15.024281842604731,37.98318596679717,2.214384097510078,12.599344995274688
2019-12-17,15.819556127555725,43.81736153112731,0.579617608665548,21.666879405325385
2019-12-18,17.383699800279963,45.50424505427622,1.0639573452385664,22.682348841762664
2019-12-19,16.809976417800755,37.20642495959606,0.44013231681639875,15.124358780636399
2019-12-20,15.757028765357695,44.49875718222656,0.4781296878699883,21.649874775273737
2019-12-21,16.094913452084334,47.25347591137159,0.8129398327178394,18.18542674791641
2019-12-22,15.084033320619852,40.140295763779164,0.46166038475730353,20.63429715863657
2019-12-23,16.43469603016632,48.990495397019565,0.5212905441551843,19.119529862542308
2019-12-24,16.28082191216318,45.43814389296259,1.0110716879996748,14.203385470979107
2019-12-25,17.18518182341218,42.27904741130925,1.2110227789321746,18.039958875893003
2019-12-26,15.976305893262857,44.44439622934812,1.1845115039344367,18.838692002010635
2019-12-27,17.76356782971494,46.50886456799391,1.1899294459481173,18.68248710813467
2019-12-28,19.151262427579887,45.28857442030613,0.26312031130164165,16.732870845142482
2019-12-29,17.353291149619228,46.90792751805939,0.43174777456201485,19.929750129293488
2019-12-30,18.13783795029127,42.76509845484365,0.8582057881648857,20.43520574244101
2019-12-31,18.65603922849498,46.27495002647273,1.735569762047979,20.005541001973246
2020-01-01,17.518535433737004,41.769689968252116,3.481609133651349,19.806704990455373
2020-01-02,18.44104453973084,45.92526647148055,1.0468017875298883,18.0973740837123
2020-01-03,18.359326997165613,43.79940469894672,1.3956177658967033,23.01278946790779
2020-01-04,18.633407990491126,44.560717807385124,0.2347540576491001,15.564267512353378
2020-01-05,17.760412527396642,50.73568830493168,1.3765498426952032,22.348956610699858
2020-01-06,18.889060196485193,50.56528434397926,2.9281285484496604,24.800418117915168
2020-01-07,19.62861492396889,49.386479393904175,0.4366434763135439,23.427323895060923
2020-01-08,20.943452778347574,44.55352430367974,0.5371525472088727,22.373308720233013
2020-01-09,20.523912712434893,47.156240911700316,1.558923391956051,19.633939814606634
2020-01-10,22.12690715565668,52.02328763086152,0.876218357993018,27.386788623798473
2020-01-11,18.792114366349114,49.091115615097344,0.1109012238125516,15.82756074740936
2020-01-12,20.929051862497257,55.909282356592676,0.5783688025015961,21.10359693899957
2020-01-13,20.27105540557221,50.41985008741714,2.2673594657479854,22.300365220711374
2020-01-14,22.846978649902862,50.107835202159094,0.7057923841380428,27.457215739016988
2020-01-15,19.416769717633315,48.899231730350415,0.7110778468344245,23.381475199906603
2020-01-16,19.545866740544934,50.5251117111473,1.5678031830133816,19.28450836309183
2020-01-17,20.000310400808218,49.9679136885426,1.1665633820220345,20.68566649278638
2020-01-18,18.336149459634317,52.85332061200875,0.6996254498323663,19.253690287334496
2020-01-19,20.41830622054597,53.905520115575534,0.55142832119085,20.72339586227739
2020-01-20,20.3017374230592,48.98651976746752,5.102247277534238,26.67151519260094
2020-01-21,21.555701539712587,47.662429087080326,2.1770489941649958,17.325259801616017
2020-01-22,21.946868392696306,46.46162409657063,1.356360565479707,26.284586100807662
2020-01-23,23.9486504359658,53.81070585586548,1.4346696529395921,29.13319807597183
2020-01-24,22.99714266825933,49.29540932366491,0.8846055286859464,27.034560002133674
2020-01-25,21.322595505264847,46.46780577761511,1.2611651265604227,19.3058032405573
2020-01-26,21.093838420505136,54.41527782171062,0.8328627352414543,22.59313869625269
2020-01-27,22.91805893131212,61.05360531845107,0.4812045492027749,27.303511526240488
2020-01-28,20.89801356897933,53.88336277225453,1.3473655129838247,22.692251990890735
2020-01-29,24.83325322805373,56.74582366574273,0.8074615398436424,29.01868544212765
2020-01-30,24.202666546023423,54.80632492496059,1.435848589727926,30.924104497104764
2020-01-31,22.374744719074126,54.59626513810281,1.6539239366474758,21.45328787131336
2020-02-01,21.030948003611993,57.98377412884431,1.5317964543869567,23.67819671439089
2020-02-02,24.858802922653993,54.69074610735071,0.4839641752616442,25.920801964062658
2020-02-03,23.242603901079857,56.70008694484332,0.7917787258124349,23.911174058542464
2020-02-04,25.009732706044343,57.20055922172316,0.8915771371162269,30.460860014812063
2020-02-05,21.753704372357934,54.5698657554413,2.2516142977513876,22.142483954438013
2020-02-06,23.08875270699347,59.88995063532395,2.2047644277303933,27.00488182517978
2020-02-07,23.953559309269455,56.72954528764847,0.6439544541244796,25.84515777816877
2020-02-08,24.141145413668944,55.32860362353441,0.36899549126325004,24.678797785720974
2020-02-09,23.680388918633582,59.547495581762504,5.240132703321421,26.722710251874307
2020-02-10,25.101742927718764,55.58530007987795,1.6987975284997403,26.111479213187188
2020-02-11,23.2051510950907,58.70849493606097,0.33568011475041615,25.67193444124975
2020-02-12,24.445490800397234,58.9402496656023,0.7941735827453668,26.564012466839884
2020-02-13,24.88879094638373,62.56925446503982,2.611332971443971,31.486180247761904
2020-02-14,25.48785427310717,61.07982757552315,4.791569402180578,34.24699686732006
2020-02-15,25.848521124223137,59.92491912376458,4.35238617907071,29.327128149794362
2020-02-16,23.766995712612303,62.79756602071754,1.8063304498157517,34.84771895918475
2020-02-17,23.395503378076373,64.85905487950686,1.3795280151370604,25.007438401989994
2020-02-18,26.887382415918065,62.70582426352064,0.5621179968181088,30.63199591521706
2020-02-19,25.868497691341055,61.40710639557655,1.5152297701172428,26.89054991795427
2020-02-20,24.684874240917758,57.783787277698444,0.6548263311244827,25.325319124385842
2020-02-21,27.555530639466404,58.866692959722585,1.0477285779097312,31.185103311549994
2020-02-22,25.941768071859183,61.48848678492305,2.7090870653976817,35.91420335212656
2020-02-23,27.324613188444367,60.917038835787444,1.2508625154862782,36.7546267143277
2020-02-24,26.09463305943889,62.52526250432929,1.203185606463816,31.6231530957363
2020-02-25,28.588288099931997,63.59581265832087,1.4957871297318763,27.05858686375861
2020-02-26,28.321174543955983,65.35361245993508,7.444109064011341,32.51439236173424
2020-02-27,26.01294928548319,63.8905936631951,0.5808868159932254,32.03878103492871
2020-02-28,27.572069197490002,65.89793519156191,2.0077140027348244,35.17154196562347
2020-02-29,27.272622054777457,64.96687856454935,5.079558702345456,29.826390529044872
2020-03-01,28.229997451796848,59.18066620326213,1.608977547223592,28.8768188121836
2020-03-02,25.51665539459984,62.62115696922583,3.8786468598719175,29.91802196890114
2020-03-03,27.58217880344056,65.33738599044732,0.49520859868580547,33.95931078328776
2020-03-04,28.11078448365314,62.46934026460244,1.4915302519812608,31.24988222268395
2020-03-05,24.809326080887747,68.22517942383588,0.8884477243844968,29.744336698489978
2020-03-06,25.576398481323505,71.34271048891337,1.7173250591584739,33.72865799057685
2020-03-07,24.623059514714235,70.72980799861939,1.7707914163655045,38.66328104825537
2020-03-08,26.817991680519867,66.75416224502284,1.941956066701416,34.75781207242806
2020-03-09,28.0707635841215,72.185446535422,3.412812838625987,39.072652322113235
2020-03-10,29.0782452983072,68.4757621557258,0.14140219518795188,31.748663381914056
2020-03-11,27.427286024732982,67.33261413889221,1.1621380468675007,31.226449315274074
2020-03-12,29.352899234104502,66.81530386038581,2.3039269827762703,32.49588731575713
2020-03-13,25.799842124413555,68.05717777534382,0.27281677709895724,35.81214346264319
2020-03-14,25.46650623572535,68.10647496243332,3.151826663817355,38.6269585560198
2020-03-15,27.49569102724311,70.08592546944223,1.2078944012336155,36.86712475788595
2020-03-16,28.072176377450177,70.35723294634913,1.79181215506156,39.251653124956626
2020-03-17,27.618165678835634,70.18255693750234,3.9274286441172683,33.71260570435775
2020-03-18,25.21970869846722,71.77912665655005,5.002063030314866,30.98199110882595
2020-03-19,27.634060504308856,74.33204225512502,3.440803706303775,35.62328311845307
2020-03-20,26.213120014450745,73.89736866967635,0.7701661629676028,38.42284532482663
2020-03-21,28.616671761312137,66.87934122047263,3.4086441506585747,33.02858460507079
2020-03-22,28.28465606283714,63.954242064370135,3.615802347810325,37.910612442841405
2020-03-23,26.745638680347035,74.6974934729331,3.1744020482464825,35.49999316541238
2020-03-24,27.2826846500695,68.06890130705625,5.989838560453283,38.84264153627602
2020-03-25,26.65116586791258,71.7666387631393,2.4826313311834634,32.829618850183124
2020-03-26,27.86696415221171,69.19830693962545,5.983055561447414,38.289855532490115
2020-03-27,29.105360746073277,67.56664990795957,6.031329561932923,31.20081277433385
2020-03-28,26.790378475478903,74.85708054945994,3.9682207722643237,33.60250110333167
2020-03-29,28.589210030177053,75.76633785756684,3.0478335821833045,39.235830262414
2020-03-30,27.356190970349903,72.01152414229318,3.468237816760038,39.448874521214556
2020-03-31,27.046237621084096,66.21603966459821,7.44828679270556,35.714289571344565
2020-04-01,27.87147096541643,72.59439910087804,5.261779495858498,33.814054637475394
2020-04-02,26.756875799644128,75.64829278212588,1.0088401210477247,40.273686410433136
2020-04-03,27.331083640456956,70.27160575295733,3.4678357291711954,37.57433895544141
2020-04-04,26.551343684743717,75.48952151326856,1.2462544951193053,40.14947546987207
2020-04-05,30.336841768153587,75.12018662205226,1.520319573728122,43.56684474788318
2020-04-06,28.008905279907776,77.12617103648202,1.9760510462345031,39.39278525508527
2020-04-07,27.111382501415875,75.96465812665797,0.698248397686453,49.34237463321985
2020-04-08,28.18934438555521,72.89970631249088,1.2246398939691978,40.31927198078003
2020-04-09,27.77634698030555,79.616936268487,7.441194844925274,38.56466839258125
2020-04-10,27.62161238288354,75.75519246106633,1.5935574367054532,35.72899546073207
2020-04-11,28.596481539690412,76.34761744751847,5.117284980526484,37.49605341402534
2020-04-12,28.73827477185659,73.82360865009657,3.2371388342306764,36.32552934194613
2020-04-13,27.159535539322267,75.48252135911503,4.283793122875294,40.112687859703804
2020-04-14,27.069123617550066,74.34193368846987,4.455679516313144,39.44272550632271
2020-04-15,27.391119929708644,76.65644098574579,1.2597708974911606,34.63096447668017
2020-04-16,24.91707243255794,82.48425253501897,5.349470617695751,41.49807629884654
2020-04-17,25.816476211003227,73.4021306740908,0.9445725786309584,37.20331681675461
2020-04-18,29.227427290806393,72.84066600523705,1.6591985746466724,44.171544891925144
2020-04-19,29.510771222505998,82.2531379116718,4.619895356242696,43.772686948792995
2020-04-20,27.184772552654064,77.36464636158927,1.2389639024445995,41.280796351862925
2020-04-21,28.11947978957113,76.13305804007297,0.3707573465630486,38.944819830817984
2020-04-22,27.742313648406558,81.4022738258949,4.038681671672488,38.64804682688762
2020-04-23,31.001896280526083,76.6025791351221,0.6652507601364684,49.810045929957305
2020-04-24,28.586397115652428,84.02886281222474,5.145745536841562,34.88569412654155
2020-04-25,27.022335150817025,80.71052219047631,2.5045211634034525,38.34635650164354
2020-04-26,25.95939777222165,77.3333869344008,4.131742978018386,36.75001717298567
2020-04-27,25.105822438937754,85.38385238833936,4.108907344511804,39.522616409755706
2020-04-28,27.20254927038976,77.20398555689306,5.590268984992606,40.620990932026714
2020-04-29,25.972952331953767,81.35098264786603,5.122924122995282,36.78340984275954
2020-04-30,25.09341758821815,80.12047341866548,1.3329065000276574,29.748371048506122
2020-05-01,25.941175726002186,83.22002262129348,2.7538906520528528,38.68019966245236
2020-05-02,25.333563676161837,84.08581202721071,4.321812951103854,40.48260393699601
2020-05-03,28.56779165958535,79.5780215506457,8.725969529730952,43.831035395673794
2020-05-04,27.51045828186998,77.29671321907459,5.347932131050345,39.92333428617748
2020-05-05,26.349687624606425,81.00604583424953,8.346028073948466,38.79528043876774
2020-05-06,28.039474953907128,77.65633022578552,4.614316686234055,37.92522753590125
2020-05-07,26.258222483636306,85.78715059045959,7.350638016564546,38.887372435027096
2020-05-08,25.03125842161553,80.20825589499528,4.237375374732026,36.15058698463963
2020-05-09,27.789577530549746,78.74847953442232,7.2418813974245335,46.8008404389434
2020-05-10,26.503190603208736,80.43839905547375,2.6755083831886766,46.378012187841556
2020-05-11,24.504145028478668,75.8770010543545,9.903913287127002,36.90295475607982
2020-05-12,25.410479714205096,77.03165734663115,5.18545816281729,41.46931189073672
2020-05-13,24.475926371258378,83.56995014694456,0.9442545274044836,40.59953301265712
2020-05-14,23.752860431328763,78.01431738787947,4.784792157038031,38.10339591028629
2020-05-15,26.406988597902853,76.854637091552,5.744183059394199,41.99845556086828
2020-05-16,27.46806910532378,81.60977305230566,6.8353648316001765,45.12741673752726
2020-05-17,23.377555012488802,83.55544563708374,12.622449997802619,38.21732174709896
2020-05-18,25.60837535289846,82.14778554574235,2.448450514798361,51.924639238553326
2020-05-19,24.02696301182397,82.96573736911812,12.810306101920604,42.93374580565992
2020-05-20,24.096088181617702,77.68795795159946,3.774627883122373,37.50819604508516
2020-05-21,23.840690863004205,75.66774603485787,1.9974067097967116,37.664892729799405
2020-05-22,23.383758208749853,84.40610717788041,2.543368225421727,41.830375581891566
2020-05-23,24.345854099492144,78.89709746882188,5.736689930682747,43.57609968056474
2020-05-24,23.155705859940042,79.06978223050395,1.7704772044063073,38.54206150875032
2020-05-25,24.34078882318503,83.75813423019399,2.9364980073127223,47.79185009458287
2020-05-26,23.81756679158577,81.38765302747859,4.988479304633159,50.982833113698746
2020-05-27,23.450985022803565,81.02619435584448,10.690546385981094,34.84077818781106
2020-05-28,22.506816229651847,86.08728086761305,7.0923159109426,34.19336935567769
2020-05-29,22.76027878872451,77.58965632150694,4.049856655213601,37.263346007358415
2020-05-30,24.213769952610246,82.22588431682495,5.887592176761096,42.56311419195345
2020-05-31,23.761724535307795,79.52979503517253,4.730242239232038,42.10222446713493
2020-06-01,21.839351840699493,80.07518780787275,1.3746373897307305,35.18068851896415
2020-06-02,22.981925837601977,83.75976161898352,12.195481202200444,46.20800715901662
2020-06-03,23.613259624784778,80.59712720147779,11.084172995481092,48.297931435702985
2020-06-04,20.555780597738956,80.58211983739234,3.7746479538208337,38.90509839052117
2020-06-05,23.057220074360878,82.07274487973783,2.7654958160035124,34.089524951625506
2020-06-06,21.454854888960533,77.64276873727998,1.428398400665337,42.285250007984416
2020-06-07,22.778277990468002,76.09684961874258,6.310908664609963,40.293025306414656
2020-06-08,21.01999177871365,75.35138686179877,6.356871947712422,40.8766521401921
2020-06-09,19.611221131242235,72.45260275305988,2.017682972979923,37.334319390959465
2020-06-10,19.664086381837876,84.38071399170529,4.917118283211606,47.43294376448405
2020-06-11,21.51382506270099,74.75749094932863,7.253359231121859,30.044583930396726
2020-06-12,21.605751824311085,77.25302494394087,2.65916928769937,36.03881663930008
2020-06-13,20.045890459232986,76.9307065529231,3.501800474493025,31.289437305418463
2020-06-14,21.73343914326775,78.52246417289801,3.4819548339673516,44.23179109264665
2020-06-15,18.808482677269414,79.88133801180433,2.161697101281444,33.18652368026517
2020-06-16,20.5573591689033,79.84426302607746,3.5784065362306285,33.46482052604629
2020-06-17,19.01700236509442,75.33721107928972,0.8913375413948044,37.26328235385846
2020-06-18,19.520853372943535,76.40361600570205,3.3632671019368923,30.787433568361372
2020-06-19,20.192087559977647,77.56624943983763,3.4091440787003475,34.72939309198688
2020-06-20,18.934232859595035,75.78101059592754,3.9458270880723236,25.547713507452226
2020-06-21,19.336199204179835,81.15279775697832,5.883591496826826,36.35151661997956
2020-06-22,20.8356215004425,77.60252378133364,1.35933680408723,28.475469434966257
2020-06-23,18.765721725770963,78.12829063380177,1.6221466982402422,31.90876944292612
2020-06-24,20.29031230900398,77.70164090757655,2.137894351222035,37.22535134407204
2020-06-25,17.760941845627805,79.0181023997968,1.2252316255151277,37.16633032466274
2020-06-26,19.581132511670344,75.82083693192196,6.390431007987178,29.819501508131722
2020-06-27,20.50374713712411,71.16284070677263,2.6124667950489386,32.31056411887472
2020-06-28,15.636159373505185,76.02350407222984,4.064798849048317,35.24550708532684
2020-06-29,17.47394802348074,72.6370804003543,1.984248165615789,30.72943654208388
2020-06-30,18.950670954887972,72.76768822826998,3.1103973448298414,26.336707328793107
2020-07-01,17.842415505635294,75.87076425840881,5.215825247620133,31.997838540001354
2020-07-02,18.35930507915869,77.58047375204046,5.399697758106139,23.281635954929563
2020-07-03,17.017033373669697,73.6792829197485,1.692842292095556,33.01100557324179
2020-07-04,17.673685414922176,74.28777632206756,3.9086489901787895,30.540227737653073
2020-07-05,17.21105454387158,78.20977197808742,2.012151428704394,37.551385933879516
2020-07-06,18.627473681657147,73.56335380319697,3.793612019772603,29.738324130496245
2020-07-07,17.35993751378948,80.38030563445788,2.427047260879911,28.670048158059508
2020-07-08,17.288533123273304,74.00222093616121,13.27381703117022,30.22266623698866
2020-07-09,16.218265866127222,66.75019298703099,7.351956272835229,31.21596488235612
2020-07-10,15.956880561914257,74.01572990916307,5.539937640583338,32.32533361483356
2020-07-11,15.85286004523129,72.61892051273483,3.307091308210746,30.133567993103483
2020-07-12,16.67567671359834,75.06104351045177,7.471515828550759,30.325627279862534
2020-07-13,15.528089725079914,72.9243528246229,3.961428931920091,33.57060955602955
2020-07-14,16.212520673877734,70.19923301128735,12.302794944114535,28.557273126468385
2020-07-15,18.18742425606841,66.64835311144897,7.950323573419395,39.80616267797276
2020-07-16,16.575127839308685,69.39776649705743,3.0469965944138986,42.185719013774246
2020-07-17,14.972116834118518,67.17389277954592,11.329956489489856,26.882769174994348
2020-07-18,16.639149954604576,67.6816198040631,3.2814967309844523,25.070529317991898
2020-07-19,14.543181359639245,70.88386908343104,13.543208616871926,36.54758482234345
2020-07-20,12.423180148428306,73.82008920006413,11.652801354988645,30.95155082672857
2020-07-21,13.496211604653816,69.68402138886003,5.064299316161546,37.47923763966118
2020-07-22,12.298926568061647,64.59946999020687,0.9123506910648502,37.1559532974483
2020-07-23,13.961046511852766,69.20561353778976,4.757619244127412,32.135754337708036
2020-07-24,14.245022402987813,71.14405376401626,1.4832075901346646,44.65975389038478
2020-07-25,16.075822008165677,65.40492590163718,2.4073017667864605,31.96546498915797
2020-07-26,14.298753260360774,66.51019475339591,2.5548903017278364,44.211526213994894
2020-07-27,13.487075965733837,66.63223422867821,1.4578892840884314,33.60536767986736
2020-07-28,14.590098853915242,63.907445879469826,4.699469954813338,32.65831890519645
2020-07-29,10.787570694105957,67.87909768700139,2.144449151826909,22.43780309365414
2020-07-30,13.571142392991637,65.24176905816098,3.288188361771868,28.254443530563044
2020-07-31,14.06231116157746,66.53190718628125,2.530061054379123,35.962542439856456
2020-08-01,11.21327837060644,62.27796707621244,5.585969590346989,29.369699298807326
2020-08-02,14.211880941689785,63.29373850364201,5.281001153638605,33.74890820391444
2020-08-03,13.098895207373964,66.43756238227921,3.036780182325605,33.16814903220238
2020-08-04,12.049250117912532,62.81495833959625,5.715490975453412,29.045933423181587
2020-08-05,13.163445615225784,68.77622326821147,8.825989984422492,28.72455827895192
2020-08-06,14.987108750322026,62.05723170192654,0.37694158150967705,31.728745421090935
2020-08-07,12.340386983145466,63.59003811565314,2.3423868849035903,22.39633057548653
2020-08-08,12.281624071311185,65.37273604467089,1.6603565488769303,31.982517568297474
2020-08-09,11.295920920918443,57.9780829436348,2.1490081761171416,31.476564715265887
2020-08-10,10.692558610683907,56.60830856040168,0.28374135482222784,24.3450274357765
2020-08-11,12.57585584748745,56.97076064095897,0.34771362731575994,32.15695387944552
2020-08-12,10.421135836818518,64.9920178575974,2.4679908857296358,42.171629167773276
2020-08-13,11.405240842527936,59.20487022241329,2.3976992980303606,24.760593128185143
2020-08-14,10.619076969111703,68.1909666615474,9.266048428670892,30.2633959775209
2020-08-15,11.641963522025891,58.479397141801606,4.09303583703738,25.175550539753736
2020-08-16,11.344558425272558,60.381513971817355,5.291769013027619,28.760915730039947
2020-08-17,12.068278796349862,64.10996105316099,29.680833535186146,27.691238519630577
2020-08-18,10.092404780509437,65.15783400438676,10.909582585646966,28.87411407198267
2020-08-19,10.263929969161996,64.98024518259335,3.4667809836837686,28.9517733834616
2020-08-20,9.29881526574115,62.07736910711019,2.5207305946610457,26.626390363242542
2020-08-21,9.827961960003245,61.18145258109043,2.201021014903981,37.485899307226
2020-08-22,10.703920177983413,59.54440070516967,4.5040310945578925,28.889173687754283
2020-08-23,11.051887789187278,59.76011967944828,2.490493916777266,31.86599448844515
2020-08-24,8.931572973160698,55.4304589126169,1.2360449466209784,47.80109675830805
2020-08-25,10.978727640917352,54.28926309096275,2.2120483854061526,33.563732149031686
2020-08-26,11.46138491610678,56.39454491325591,4.476680570314799,27.357064405379525
2020-08-27,10.232579896629348,55.555988336553675,5.558013040717343,22.521341425917562
2020-08-28,11.892900180883316,54.36989754322225,10.912261216839344,29.807080247979417
2020-08-29,8.61896238754509,57.48304893775791,3.6218643931524355,25.779274178330972
2020-08-30,7.9631926585280315,57.92547201609284,7.928563510043648,25.895506713089585
2020-08-31,7.2341144208157555,54.991910804315395,2.8358759948774264,40.986498736242304
2020-09-01,11.078189986693799,58.827976739181466,3.1246147822995516,32.07671894014853
2020-09-02,9.985116747889515,50.640676272129696,2.9750781035121916,22.7335865899011
2020-09-03,9.052725168612524,53.15688080344431,3.8024687277953144,30.62367164802416
2020-09-04,9.377569444234695,51.26136339370099,5.889320902203399,33.236075557109515
2020-09-05,7.615855119995103,47.48814389536617,2.1862655606286014,23.094354472349124
2020-09-06,11.828856074598031,52.517683327876576,1.4430517467835433,24.772554118121093
2020-09-07,8.979229157776338,52.08059817077085,6.063429132275363,23.48338107734923
2020-09-08,8.888366531594938,56.66854369659707,5.72057310694036,24.80211430270893
2020-09-09,9.563680638298639,53.70531587735189,8.088255867468776,26.81459476971449
2020-09-10,9.208397615129744,48.42743272762134,1.8334471483794095,25.19590951426589
2020-09-11,8.84104939523075,56.75190201199267,2.5157545848985423,27.850945563449432
2020-09-12,7.5678148533439105,54.544967216406896,5.95193319249579,24.339206990475798
2020-09-13,9.028952062258742,52.323102956928565,2.0188716927143973,25.835958232005005
2020-09-14,10.67125122589708,49.5950935612767,4.652193598666319,28.938122958679468
2020-09-15,9.979798569744485,47.09684602091406,2.5028311720661374,24.057739448067124
2020-09-16,10.232446121726635,48.56213185146978,3.6699836808318356,33.66914071838785
2020-09-17,7.665359221991967,52.65164489587389,0.9950396211627098,18.992155487025553
2020-09-18,7.052368709366023,54.748950146990815,3.0185669566329194,31.155959205235845
2020-09-19,8.052918779425521,53.437945336613055,6.313784559574381,27.026925897972973
2020-09-20,8.237604374946613,47.05800637655468,4.797577869862466,24.378972101510158
2020-09-21,9.453548322526833,44.885442654283516,1.1804581307383792,26.530068966626157
2020-09-22,6.082266542018813,48.39017747623517,8.295739141657393,28.6206117699707
2020-09-23,9.92431974341819,42.38898990404492,5.8094494480129075,24.710549910784962
2020-09-24,7.877822029031069,48.39424685063766,0.968785916853056,18.218016727731946
2020-09-25,7.53668960505612,46.7160979763727,1.6921972227691786,27.502505266633754
2020-09-26,6.818885732146098,45.498763350213586,0.9999786504256227,27.56275308653207
2020-09-27,6.035000385107156,41.854613513928946,3.3397561620962914,23.750202573556173
2020-09-28,8.99900754490396,47.92533213016883,1.5768677315130515,26.93558385804937
2020-09-29,8.092518753752513,44.53627294327471,0.32624230540656307,24.232880087430445
2020-09-30,6.452880333763357,42.37857729072557,2.355836347638863,26.930540591846164
2020-10-01,6.445998076161759,37.02967508663582,4.631595186103774,15.80814935446745
2020-10-02,7.599373341052938,45.326304203118355,2.632694878436521,21.5355008684744
2020-10-03,10.010325717950437,50.49231457303732,3.5582276758821982,25.052782789191752
2020-10-04,7.704136166808031,49.93044109300344,2.7572494281202533,21.362794011364365
2020-10-05,6.222978725176717,43.35093897443034,3.9387169295452917,17.796226400672573
2020-10-06,7.745918361625075,42.69568299157385,2.870929407110417,27.132985134571914
2020-10-07,7.730552647363277,45.693325666650786,2.07500056472125,26.972493647432344
2020-10-08,4.841513934290789,41.08118640678282,2.4242081741864245,21.886144407658374
2020-10-09,8.035521209305095,44.77577677303952,6.005120717231549,22.54684713170491
2020-10-10,7.849384139809721,45.96747980623575,3.394464724881613,21.709908523510702
2020-10-11,8.99070947025518,47.15371569717473,0.931942038385473,27.70124304920237
2020-10-12,10.405682611218321,42.981028182187416,2.2754058576743064,21.784216596772332
2020-10-13,9.57339462040074,42.483997602407854,2.712551885363923,21.220307406770214
2020-10-14,7.936329019609995,40.27960884473378,1.8470845834160363,23.80297540267877
2020-10-15,6.971529690994924,40.256516376882196,0.26918575048653776,19.705584926956984
2020-10-16,11.430632387351281,41.88643695010898,0.9567825892526566,29.226524211093682
2020-10-17,8.459764282094374,43.50185244097782,1.4291411952546083,18.64912636098599
2020-10-18,8.454366884376475,44.979607426109894,6.509425091688242,25.875906112590442
2020-10-19,8.460484732516457,39.673677333260784,2.7815297537772503,20.195171877756366
2020-10-20,8.781737838649997,46.41094966038487,0.41659404846409825,22.359042995733397
2020-10-21,8.42820692627231,40.974536594987974,1.762843333802942,14.529706928854749
2020-10-22,7.973233303514458,41.584225595766824,4.52399439965811,17.80767560654671
2020-10-23,8.068352434719566,39.27255051869466,1.129721982695986,18.126522323194063
2020-10-24,8.750983198574453,34.11280059842159,3.7068138868930545,16.733807054064176
2020-10-25,8.206610392786136,43.91450926317452,0.4021043634596476,24.180067687136418
2020-10-26,8.074446932761049,43.35530882346889,0.0342721782352794,24.74858778346349
2020-10-27,9.131407576707845,40.18878572840193,3.9111881217296647,19.6819115475585
2020-10-28,8.77421387449949,41.127352219065706,1.1701863530306245,20.95604537639532
2020-10-29,10.96411648686558,42.37346131336638,1.2303832546739801,18.658586637457446
2020-10-30,6.05991917848596,36.04295145805739,1.922397805963946,14.761442506587008
2020-10-31,10.635244675010986,39.054086307479835,2.2792639533232446,26.306018162654404
2020-11-01,10.907662648239123,42.94043010628426,0.07382140038406755,19.94407490972217
2020-11-02,7.013760805834938,36.71692071784489,0.9099999873176357,22.683463784203457
2020-11-03,9.182590830758802,41.28839996359009,1.64005805365387,20.427362131069586
2020-11-04,9.24256469714697,36.27172354653015,2.142088477905791,17.999254590398884
2020-11-05,8.09622043331447,41.68032694802397,0.6450601207328777,24.536935134098428
2020-11-06,8.951229384817342,40.11952374846074,1.2702218469829503,23.259525605339334
2020-11-07,8.65369810369424,35.332323272414385,0.9009430911347486,19.542685191013806
2020-11-08,12.19326796454057,43.629081078023226,1.719133792332819,17.2316970412638
2020-11-09,11.319855561069193,37.8941190475919,3.136232246322295,17.04003766423797
2020-11-10,11.831717845153612,37.636064653873454,1.0722434635576175,21.12745710218467
2020-11-11,11.282948392066256,40.64336437438499,0.37351171256023313,22.496911814858347
2020-11-12,9.175416997573766,43.468317736585476,0.7441095129799342,19.37196895942208
2020-11-13,10.016405450824408,36.96160892931766,4.081684527026259,20.241779918727783
2020-11-14,11.350809090514378,40.18670637644916,0.6253819237948258,24.14949826376279
2020-11-15,9.416880406511913,41.28663470626792,0.42760089778090615,20.12143250200471
2020-11-16,11.861014845690386,42.08394678219162,0.9293504874901002,21.928751616752468
2020-11-17,10.841081849973568,40.54432444103801,1.1753383186970525,14.555618806435374
2020-11-18,10.805778842611025,38.930208059638744,0.8014732549925366,10.408285635452115
2020-11-19,12.236805779421399,37.57072987589073,0.27705771029982895,18.49308078457939
2020-11-20,12.04682036343342,40.34005172619554,1.5352662414788263,21.253192006529446
2020-11-21,11.212517592115326,36.899224826164144,1.4106443523492538,15.62882900920121
2020-11-22,13.170728279628417,31.391504361157526,1.9217440894840627,16.564363004308795
2020-11-23,10.61795530572885,41.51102951072594,1.3466462315859082,19.99025245216152
2020-11-24,12.791855858725468,42.96481567537885,3.2708479910064625,22.973936019477268
2020-11-25,12.903718775024046,33.22172635833264,1.9407998243798148,16.17028346930615
2020-11-26,11.961526709912023,37.344678480438,1.6518469466465322,14.658451335978707
2020-11-27,12.86700649501433,42.30049595290245,2.453097674342481,24.491397836295302
2020-11-28,11.11861199295465,46.69047730568668,1.1974203670694101,20.00055903825862
2020-11-29,13.874676349392782,40.66110268599608,0.9158459224312802,20.764071076019945
2020-11-30,12.691407997747355,38.5011924232155,1.3192668291611185,16.887717509307627
2020-12-01,12.43497687377736,40.22871499923946,0.1262626234220397,18.768100026403577
2020-12-02,14.471472669846388,44.99993272560643,1.1375985764016447,20.980088303176373
2020-12-03,12.519284862320182,39.04097713672332,0.9350419856799064,18.403675949809827
2020-12-04,11.82755302695962,38.69049623150638,1.3538997816149518,21.17557762734794
2020-12-05,11.804289066266982,39.75464827461599,2.007297499274189,18.044522164227594
2020-12-06,14.555275915491602,38.46326959876534,1.4788878915073012,13.007209312196997
2020-12-07,12.448604884944729,41.81717727640046,0.5241857105782439,18.242159417351523
2020-12-08,16.24911895594516,46.45460962107598,1.7266953363260082,23.393983443437953
2020-12-09,11.804439281632808,42.686678055641394,2.720887040097971,19.10219379235247
2020-12-10,16.49898642018433,41.10266323756843,1.9314417645253714,18.424294718826715
2020-12-11,14.877991964702005,41.1319488002085,0.27173500851612714,22.98908256583931
2020-12-12,14.671247648831875,37.470800644719056,1.3768384423262165,16.63034048122736
2020-12-13,14.296884849266371,44.967979132574186,0.30947104493056016,15.742490740858894
2020-12-14,15.594139008416393,42.248654306076745,0.7120857904373652,18.45603017026363
2020-12-15,15.235256781749118,42.10943316463619,1.1816885390605516,17.810091472391274
2020-12-16,16.77042930725796,52.40404353801853,1.062548785126549,20.953831584074955
2020-12-17,15.750345518334944,43.89991689454649,1.7921621266378696,19.943162480148654
2020-12-18,15.961146983712592,40.932258737024895,2.52251553178626,19.8110959394813
2020-12-19,15.51262034665717,42.09751468406721,1.233034844768852,20.044921818174824
2020-12-20,16.049398153102278,47.01580606154197,0.6404389141318817,21.19154171186319
2020-12-21,16.65643068085569,44.10903005146608,0.11106669398210074,24.62832074872667
2020-12-22,14.404709722169228,39.65794430155437,2.0424766226778286,17.96828359274372
2020-12-23,15.00938977234048,46.93877366859006,0.787529393199817,22.505504135183703
2020-12-24,17.68983646383373,42.3896507219675,0.8172387853593401,18.96106610148215
2020-12-25,17.17402155127917,50.23159679097388,0.8660432185781413,19.963704861348557
2020-12-26,16.919572009002305,48.074028027572695,1.1580496044798656,19.603319873706194
2020-12-27,17.334096451655274,43.71859255909263,1.1804823006078553,17.44137970283975
2020-12-28,17.90090137420146,49.13470862592561,0.6728453851854908,21.34605147926537
2020-12-29,17.0080722674013,45.730685765663964,0.7711194036523885,28.31367517364784
2020-12-30,16.89390076795886,48.325188579731154,0.5016467311605461,18.69573199004759
2020-12-31,18.235014306117233,47.46503191085046,0.4551464674171995,19.800445839214877
2021-01-01,16.9980862284203,43.71987469055404,0.45365715800884665,20.219541583624547
2021-01-02,18.834119423084807,44.5804781263887,0.7663112702388598,21.34360553493904
2021-01-03,16.47309634714711,49.8571900878979,0.38023079160117323,22.194506881259926
2021-01-04,19.92301103281398,46.02308278298072,0.013035779302158873,23.331413079794775
2021-01-05,19.42676496627012,46.08040859247045,0.6211475823714991,13.464439803029359
2021-01-06,19.33825265565098,44.69369729313458,0.266687498693118,12.171319271317737
2021-01-07,20.381309629728154,49.10125979447784,0.924211735110733,19.447766217986512
2021-01-08,21.371357054487746,54.29304101851414,0.5125937288725304,26.60481588513041
2021-01-09,20.760332284664567,45.181395788161154,1.1997520467168261,15.850250375266107
2021-01-10,17.503882364216796,48.7386232441959,0.2989981761028472,11.649187046983267
2021-01-11,18.34677473834961,53.18795540289386,0.1429635932088424,23.08536427200902
2021-01-12,19.30126270545138,49.00097239549688,0.812521217837099,21.452967856082992
2021-01-13,20.25052439029465,50.888803241438204,0.6281157374195994,17.737442051789024
2021-01-14,21.00791848462244,46.63940053851724,0.25590064733790335,17.946414589140314
2021-01-15,19.682640375377716,51.40941028842336,1.5533804519285044,18.24712057841357
2021-01-16,20.943701692713546,49.8638904026706,0.3690768288388787,22.585298031582298
2021-01-17,19.978364809982097,53.686184568982576,0.4785553131457138,19.72414637559902
2021-01-18,20.315390882972558,54.597571319886036,1.8126136248251987,23.250264560739673
2021-01-19,19.524703300705777,59.11317907504717,1.3582912265349645,15.274031379277266
2021-01-20,20.267349100608044,53.3950274673944,0.3449606409608004,19.387148588214867
2021-01-21,19.914739695024103,52.947629165627035,0.7299158663303476,18.290964490625512
2021-01-22,20.526197525333934,52.86988477985986,0.31839414979659464,22.2185000631668
2021-01-23,23.121004218365474,51.54601026375448,1.8203834908340601,22.398483552333396
2021-01-24,20.87560122546139,53.94192908685764,1.8416257932924083,24.88668973360656
2021-01-25,25.330794503928026,52.36333777770064,3.1941091621837745,21.112757039740426
2021-01-26,22.919737406561378,54.07998969496153,4.066639827929129,25.406236097313545
2021-01-27,22.70409676583795,57.8543681136981,0.6095856100838529,26.88193113573139
2021-01-28,21.60547337281104,51.21072364654889,1.7265828391267173,28.02800276999942
2021-01-29,23.627710256448676,57.98047253270501,0.14297244220660635,25.069595057664053
2021-01-30,22.24699011011444,58.84427929969586,1.2294671364513818,27.284042930111845
2021-01-31,23.233121216095466,54.87233909890776,1.4814139959122061,20.5812067267122
2021-02-01,26.30625751957804,49.196005042890896,0.47129713206335266,21.59020533645114
2021-02-02,23.264779835713412,54.07444404134429,0.6263869539587412,30.843430789376317
2021-02-03,24.903481123219002,60.12644944281844,2.117167779425924,27.699642284128473
2021-02-04,22.823205852760097,56.50553292947379,1.5970227227201792,29.73763670545774
2021-02-05,23.76601654594164,53.915916889829624,3.408338453790082,20.38709132465685
2021-02-06,26.072227632370254,55.74009979405002,3.1963976262353415,30.338268980004145
2021-02-07,23.332408231805932,60.117699181526596,0.22479510988810517,33.74593793383071
2021-02-08,26.395405754004972,59.578166755655424,0.7869503356399045,31.589524371139685
2021-02-09,25.203625331448354,57.563907727741956,0.47862648901913557,30.26554925557476
2021-02-10,23.8113354792767,57.52347822850954,2.1448679033419293,27.602982461980915
2021-02-11,25.37523546928941,57.792332208403444,1.5754089297516158,24.39851382049902
2021-02-12,25.911501527881512,56.544337214049555,0.5348843410767902,33.912509267386156
2021-02-13,25.61669962689731,64.5018599452916,0.626745252020861,30.625782911172763
2021-02-14,23.110313606647924,59.03303859236601,3.087220956495541,27.802776228623813
2021-02-15,24.244001611827905,63.995742685593164,0.961936055055177,23.89585475674044
2021-02-16,24.93941802029731,65.25238038822224,0.1492736182253291,25.795465551673644
2021-02-17,25.264850114719803,64.02732603890891,0.5291885861120751,35.92602188177851
2021-02-18,26.214527394026366,60.081187597892274,4.727221237790032,29.33015299812381
2021-02-19,25.796299285905523,62.930486245758765,2.8832640404382954,35.402410709822846
2021-02-20,24.091735038387263,61.98944712977591,0.45198328709196933,29.117439495027007
2021-02-21,26.25919593191491,59.69305531579669,1.7087648311040653,25.302955948176212
2021-02-22,26.642159461908356,63.718653287430115,2.8918133985877357,33.443439005884485
2021-02-23,26.68535941926401,59.549057039806215,0.2824772974571893,26.86484984390053
2021-02-24,27.412327460739156,66.98890104901423,3.211629198391722,34.88578919335275
2021-02-25,27.215472118482825,62.37068230496972,2.182975602024081,34.75895946075942
2021-02-26,26.8627223587322,64.7055689649909,0.8542831087999099,28.18836213369496
2021-02-27,26.321985202594398,65.28829387472173,2.5128066198819634,30.919792730199035
2021-02-28,24.505017795056087,63.996740399006754,2.0639280953931203,37.78192670409627
2021-03-01,27.10318144571713,66.86714730674957,2.2013527115520213,35.40144241590402
2021-03-02,26.923788771891694,64.01445218081453,1.904919376337019,29.91460715138799
2021-03-03,27.08481165607688,68.3835405499839,0.7963571081800832,37.61692112594716
2021-03-04,25.30857680844926,62.06048545238554,0.9528148965576088,33.298023262580095
2021-03-05,25.622545616105565,66.80453197248653,1.470399350690622,32.66681199760169
2021-03-06,28.26009212052191,72.56724498905712,1.869751288466512,32.6360876068063
2021-03-07,27.02267194339837,64.07252846971069,2.945947691485267,33.424234357516944
2021-03-08,27.959080718700484,65.36125594623891,6.283452398592957,37.79827708763236
2021-03-09,27.243694928522892,69.25499167384888,2.2420974572910093,30.94718080585053
2021-03-10,27.311124203186854,68.56850512993825,3.035865696948723,38.33663728166891
2021-03-11,28.46431285540045,69.39576235006699,3.5841066047032593,34.482379685021385
2021-03-12,26.7793069055581,70.12307324145162,3.2789361605238088,30.632988243167844
2021-03-13,27.571308806600598,70.86875124049351,0.8862051151608485,38.501028779738306
2021-03-14,26.95583481650549,72.60010494392567,4.967690273507464,35.374026408739894
2021-03-15,27.04095279300028,70.8041327731013,4.518964858913773,41.12846551445381
2021-03-16,27.240291290560638,69.15173803934391,2.2977721984624195,33.82331788484019
2021-03-17,27.923959902508997,72.19113998065026,0.988082420182595,36.02712487777447
2021-03-18,27.1261408725189,76.16795795199663,2.1800677407288753,38.82936557878448
2021-03-19,29.24791190241243,70.36220219161827,0.45879926051214415,38.212963507071244
2021-03-20,26.704954652393166,68.12511834934045,5.848522046143177,26.734339262086127
2021-03-21,27.58881872972246,74.65527713368324,1.302822612759722,36.34239676464764
2021-03-22,27.31706089759191,71.25486197721519,1.7787076232434653,42.8554770777887
2021-03-23,29.60986788516434,65.37652510117319,5.792404749593263,35.31769552476956
2021-03-24,28.135190682687416,74.71180243375376,5.4067238258178625,35.06129296429536
2021-03-25,29.160435541541688,70.83495041095554,2.9925022614515226,33.615636440225536
2021-03-26,26.159506621295154,72.4370461708911,6.932735393317644,30.79979121525112
2021-03-27,28.2796502805149,73.96853221240669,1.0301291806686488,33.54427687887345
2021-03-28,29.04080668582968,73.80419140418277,3.1039598928291463,38.223215129402206
2021-03-29,28.08309499868615,75.617227828076,1.0630920597720692,36.668547381895955
2021-03-30,29.271076562475255,72.43459623276382,5.234277258075331,37.8393040405648
2021-03-31,27.376938879678463,75.5284839355612,5.1700424904193225,38.8146269042529
2021-04-01,29.691124325584596,73.45449241288374,7.784822215255812,39.882451756634715
2021-04-02,30.75784433489048,76.68931220858074,2.55674803960873,49.40740433740961
2021-04-03,27.560056534345982,76.55444291131887,9.419415160207341,33.9149573324705
2021-04-04,27.45419413016941,72.13312564779731,1.0509180015875106,39.656693599578354
2021-04-05,29.723232981195164,78.42406251809633,2.5344350122210173,41.24911725117119
2021-04-06,29.862075592418556,73.78040620233662,1.1108946685164405,40.87279649852949
2021-04-07,27.323621078423056,78.03009041625894,3.131716746719228,42.774704388242334
2021-04-08,27.428344312159116,76.92077507533956,1.229214879449276,41.447849574917456
2021-04-09,27.57299910930194,81.54177279387888,5.850525806077512,42.53871133849987
2021-04-10,26.273435289082276,75.56038323303166,3.941652858166693,46.309807393976776
2021-04-11,26.75709916385727,75.38158067769369,1.041504447161702,37.6451743694141
2021-04-12,26.62429659969734,76.56515370965295,5.103860501541101,37.713655259216246
2021-04-13,26.87477983832995,75.90282876418671,8.053347507268764,36.120116096566036
2021-04-14,27.718483641459546,79.39616753637671,4.38679245559232,36.46203774560654
2021-04-15,28.00223964533444,72.3263473402063,0.7936374084748934,38.25147800736606
2021-04-16,29.539978421617533,74.18807983715286,2.6254227919160376,45.30775320226663
2021-04-17,26.43668063675494,74.31442533814729,4.926360454256713,37.06130520955362
2021-04-18,28.76836504804487,80.53227297478799,2.4774129457611482,34.57701062974024
2021-04-19,27.28002335323385,82.97146704693674,1.205235514631488,42.208397464089906
2021-04-20,27.424259348538794,77.67926973743243,7.005146469439184,39.20377360317073
2021-04-21,28.23739482450413,77.63381108648268,2.4576520818016134,38.32963210226709
2021-04-22,26.021547037079564,78.49271625304621,8.748184473657064,33.546059355689955
2021-04-23,27.766131005800652,81.90506066215725,2.0403503955431197,37.56076678708819
2021-04-24,27.4426498717866,75.7687742690122,2.4037836170126434,37.56110276321489
2021-04-25,27.766777777403714,79.39185152466285,1.939413429614058,39.995835749165806
2021-04-26,27.453048673631553,81.7227140481852,2.825431217570345,35.70417207076091
2021-04-27,29.979918191139912,80.41521025836238,4.5411103438028695,43.45152155379265
2021-04-28,26.193104926247507,79.5898751756993,1.3643230908017452,36.78533390208296
2021-04-29,26.243376880292754,82.12783480953954,1.141928059951908,45.178466926001896
2021-04-30,26.052353408025642,71.1128987984483,0.5972049804909882,33.99655597310277
2021-05-01,26.05049064410091,81.3484247116898,0.5178942135960255,37.970398222306216
2021-05-02,25.866556727731293,77.43905138764786,0.9262408782726322,36.28995704513555
2021-05-03,27.970041534827338,73.99011041287903,2.1924244406251896,31.601973457738826
2021-05-04,28.157095671118455,81.09057462868809,3.913653200381938,45.62705307791238
2021-05-05,25.674359241687,83.74710504092106,4.627325416262776,38.51640603063939
2021-05-06,25.264715299514023,79.27713079115877,3.832130196967798,38.04363199282264
2021-05-07,26.73107918212285,82.60561248948854,9.068418643916642,39.94601534770186
2021-05-08,25.40213181007228,84.63548467571299,11.085798870547405,33.23823751635661
2021-05-09,26.721346819132773,83.78918754911079,2.824237351502068,40.89482554801397
2021-05-10,26.10000617580871,84.80425172599323,1.507233305353326,39.453202182335566
2021-05-11,23.929947475673735,82.14476239615927,13.569418544342591,38.024683016377715
2021-05-12,27.495892369501505,80.17280037886788,8.05109237205332,39.972119832274174
2021-05-13,27.681721483034714,75.16281098741977,7.699383932279583,37.506500198463044
2021-05-14,24.676873679904702,79.24681276040381,2.2733983613726774,44.696291229117634
2021-05-15,24.830333668941694,77.46563025364924,6.697039156377549,39.16187414048537
2021-05-16,25.51980760562951,86.51264294721724,4.097571496556689,36.179639394544424
2021-05-17,25.457184249056215,79.47067573579774,3.4977486948748187,38.987823435394844
2021-05-18,25.723065396077185,80.36054003410061,3.511569190948702,46.460678131677845
2021-05-19,27.219979541289785,81.63205043982207,5.411369632329862,47.98957638157888
2021-05-20,24.468301969142484,80.08915055642521,9.988458701023312,46.92841834849999
2021-05-21,23.593606878644717,85.01833115637567,15.103277684520009,39.66210948058897
2021-05-22,22.76536405874822,78.0341581368106,2.7299860619527383,45.34544023083591
2021-05-23,23.410512098028033,80.44895935106001,4.426071507089487,33.78437739752312
2021-05-24,24.11309363218473,77.59486952277494,3.5493596235506746,37.88544946538303
2021-05-25,26.169710068470586,75.8134842709847,5.3055462250372045,44.580148692491555
2021-05-26,23.256718964081315,77.88365572656076,3.2399345469885863,42.090474828042794
2021-05-27,24.006268221009922,79.5474206484544,2.1874664336704654,43.7417677455268
2021-05-28,23.576185148814478,78.30436715935802,2.805408548891067,41.325996953049085
2021-05-29,24.87847631354423,77.4429480730258,2.4733479230359006,40.12063261657564
2021-05-30,26.33961939266767,75.22341154156572,3.5003396099376594,32.890516773480044
2021-05-31,22.52358138265414,79.10943894259519,1.1669002554481593,35.09271819029476
2021-06-01,22.42509080343589,74.75524984918998,2.5415326809307746,39.07212631386832
2021-06-02,24.115720123569808,81.45452423081476,5.433508058224155,39.46738944740703
2021-06-03,23.529864864290207,79.32093919141244,5.4225380643142485,45.42699659414274
2021-06-04,24.775115725967826,74.59457710184863,4.833954501917262,45.86062747378814
2021-06-05,23.105901665896113,77.92759563665882,10.035340261775524,32.76530962664176
2021-06-06,21.81885289075106,76.4811577091369,5.659783703067063,35.28731831809381
2021-06-07,22.802345384986985,79.57200215201712,9.874510823705355,34.15119084999517
2021-06-08,23.266347063264163,82.5071657819313,16.163405019528057,33.08940424301236
2021-06-09,22.761658269476495,72.72615511225065,7.540101018086586,33.04009438039823
2021-06-10,22.22586614462643,78.55717083932659,1.2086324780356381,34.85832556464464
2021-06-11,22.73613275421432,77.58671765979376,5.071778164631379,30.390064173801942
2021-06-12,22.697239530780116,79.93080604404958,4.547642009933841,41.7953288320134
2021-06-13,22.789661198603312,78.40073633730293,11.48005229459847,37.19874342483736
2021-06-14,21.745580057842474,75.34433608425425,3.757688275304621,33.56828306221925
2021-06-15,20.601765055611946,76.47696456718658,2.0428306184011977,45.709124136611244
2021-06-16,20.812711351000072,74.87476499058775,2.7737607906298942,40.30641256326169
2021-06-17,21.918032564619384,80.31446481079234,1.273392996483479,35.6511610003485
2021-06-18,19.32273389712144,76.96891609307707,14.793185795838786,34.58344335161482
